Player,Salary,Year Drafted,Pick Number,Position
Baker Mayfield,570000,2018,1,QB
Cam Newton,16200000,2011,1,QB
Eli Manning,11500000,2004,1,QB
Eric Fisher,10350000,2013,1,OT
Jadeveon Clowney,15967200,2014,1,DE
Jameis Winston,20922000,2015,1,QB
Jared Goff,4259683,2016,1,QB
Kyler Murray,495000,2019,1,QB
Matthew Stafford,13500000,2009,1,QB
Myles Garrett,3229750,2017,1,DE
Carson Wentz,720000,2016,2,QB
Greg Robinson,5500000,2014,2,OT
Marcus Mariota,20922000,2015,2,QB
Mitchell Trubisky,645000,2017,2,QB
Ndamukong Suh,5250000,2010,2,DT
Nick Bosa,495000,2019,2,EDGE
Robert Griffin,1000000,2012,2,QB
Saquon Barkley,1897943,2018,2,RB
Von Miller,17000000,2011,2,LB
Blake Bortles,1000000,2014,3,QB
Dante Fowler,1000000,2015,3,OLB
Gerald McCoy,3000000,2010,3,DT
Joey Bosa,720000,2016,3,DE
Larry Fitzgerald,11000000,2004,3,WR
Marcell Dareus,2835000,2011,3,DT
Matt Ryan,2750000,2008,3,QB
Quinnen Williams,495000,2019,3,DL
Sam Darnold,570000,2018,3,QB
Solomon Thomas,645000,2017,3,DE
Amari Cooper,13924000,2015,4,WR
Clelin Ferrell,495000,2019,4,EDGE
Denzel Ward,1805698,2018,4,CB
Ezekiel Elliott,3853137,2016,4,RB
Lane Johnson,805000,2013,4,OT
Leonard Fournette,2933258,2017,4,RB
Philip Rivers,11000000,2004,4,QB
Sammy Watkins,11950000,2014,4,WR
Bradley Chubb,570000,2018,5,DE
Brandon Scherff,12525000,2015,5,G
Corey Davis,645000,2017,5,WR
Devin White,495000,2019,5,LB
Ezekiel Ansah,2500000,2013,5,DE
Jalen Ramsey,3634227,2016,5,CB
Khalil Mack,2300000,2014,5,OLB
Patrick Peterson,11000000,2011,5,CB
Andre Smith,1030000,2009,6,T
Barkevious Mingo,3400000,2013,6,OLB
Daniel Jones,495000,2019,6,QB
Jake Matthews,6500000,2014,6,OT
Jamal Adams,645000,2017,6,SS
Julio Jones,9600000,2011,6,WR
Leonard Williams,14200000,2015,6,DT
Morris Claiborne,1080000,2012,6,CB
Quenton Nelson,570000,2018,6,OG
Ronnie Stanley,3243318,2016,6,OT
Russell Okung,13000000,2010,6,T
Vernon Davis,4750000,2006,6,TE
Adrian Peterson,1030000,2007,7,RB
DeForest Buckner,720000,2016,7,DT
Joe Haden,10000000,2010,7,DB
Josh Allen,570000,2018,7,QB
Josh Allen,495000,2019,7,EDGE
Mark Barron,1000000,2012,7,LB
Mike Evans,17000000,2014,7,WR
Mike Williams,2260448,2017,7,WR
Christian McCaffrey,2032390,2017,8,RB
Jack Conklin,2617862,2016,8,OT
Roquan Smith,1319871,2018,8,ILB
Ryan Tannehill,1750000,2012,8,QB
T.J. Hockenson,495000,2019,8,TE
Tavon Austin,1000000,2013,8,WR
Vic Beasley,12810000,2015,8,OLB
Anthony Barr,2900000,2014,9,OLB
Ed Oliver,495000,2019,9,DL
Ereck Flowers,2000000,2015,9,OT
John Ross,2020988,2017,9,WR
Leonard Floyd,2602208,2016,9,OLB
Luke Kuechly,10000059,2012,9,ILB
Mike McGlinchey,570000,2018,9,OT
Ted Ginn,2500000,2007,9,WR
Tyron Smith,10000000,2011,9,OT
Devin Bush,495000,2019,10,LB
Eli Apple,2516225,2016,10,CB
Eric Ebron,5250000,2014,10,TE
Josh Rosen,570000,2018,10,QB
Patrick Mahomes,645000,2017,10,QB
Stephon Gilmore,1000000,2012,10,CB
Terrell Suggs,3000000,2003,10,LB-DE
Todd Gurley,5000000,2015,10,RB
Tyson Alualu,1250000,2010,10,DT
Ben Roethlisberger,2500000,2004,11,QB
D.J. Fluker,850000,2013,11,OT
Dontari Poe,4500000,2012,11,DT
J.J. Watt,13000000,2011,11,DE
Marshon Lattimore,1861324,2017,11,CB
Minkah Fitzpatrick,1227626,2018,11,FS
Taylor Lewan,14500000,2014,11,OT
Trae Waynes,9069000,2015,11,CB
Vernon Hargreaves,2383317,2016,11,CB
D.J. Hayden,5750000,2013,12,CB
Danny Shelton,805000,2015,12,DT
Deshaun Watson,1724480,2017,12,QB
Fletcher Cox,930000,2012,12,DT
Odell Beckham,16750000,2014,12,WR
Rashan Gary,3950000,2019,12,DL
Sheldon Rankins,2195680,2016,12,DT
Vita Vea,1153829,2018,12,DT
Aaron Donald,9108000,2014,13,DT
Andrus Peat,9625000,2015,13,OT
Brandon Graham,1000000,2010,13,DE
Christian Wilkins,495000,2019,13,DL
Da'Ron Payne,1135380,2018,13,DT
Haason Reddick,1690270,2017,13,OLB
Laremy Tunsil,2148770,2016,13,OT
Sheldon Richardson,8000000,2013,13,DT
Chris Lindstrom,495000,2019,14,OL
DeVante Parker,3500000,2015,14,WR
Derek Barnett,1633252,2017,14,DE
Earl Thomas,2000000,2010,14,DB
Karl Joseph,2070589,2016,14,SS
Kyle Fuller,1000000,2014,14,CB
Malcolm Jenkins,8100000,2009,14,DB
Marcus Davenport,779632,2018,14,DE
Michael Brockers,7777777,2012,14,DT
Robert Quinn,6000000,2011,14,DE
Star Lotulelei,7150000,2013,14,DT
Thomas Davis,1250000,2005,14,LB
Bruce Irvin,1250000,2012,15,DE
Dwayne Haskins,495000,2019,15,QB
Jason Pierre-Paul,13650000,2010,15,DE
Kenny Vaccaro,1250000,2013,15,FS
Kolton Miller,1092333,2018,15,OT
Malik Hooker,1610446,2017,15,FS
Melvin Gordon,5605000,2015,15,RB
Mike Pouncey,6000000,2011,15,C
Brian Burns,495000,2019,16,EDGE
Dominique Rodgers-Cromartie,1030000,2008,16,DB
Kevin Johnson,2000000,2015,16,CB
Marlon Humphrey,1542044,2017,16,CB
Ryan Kerrigan,10500000,2011,16,DE
Taylor Decker,1945498,2016,16,OT
Tremaine Edmunds,1055434,2018,16,ILB
Zack Martin,10000000,2014,16,G
Arik Armstead,9046000,2015,17,DE
C.J. Mosley,1000000,2014,17,ILB
Derwin James,1043134,2018,17,SS
Dexter Lawrence,495000,2019,17,DL
Dre Kirkpatrick,9150000,2012,17,CB
Jonathan Allen,1519216,2017,17,DT
Keanu Neal,1914224,2016,17,FS
Mike Iupati,1000000,2010,17,G
Nate Solder,12900000,2011,17,T
Adoree' Jackson,1490708,2017,18,CB
Corey Liuget,930000,2011,18,DT
Eric Reid,1500000,2013,18,FS
Garrett Bradbury,495000,2019,18,OL
Jaire Alexander,1027761,2018,18,CB
Joe Flacco,18500000,2008,18,QB
Marcus Peters,9069000,2015,18,CB
Maurkice Pouncey,1000000,2010,18,C
Melvin Ingram,17000000,2012,18,DE
Ryan Kelly,1875134,2016,18,C
Cameron Erving,1450000,2015,19,OT
Ja'Wuan James,5000000,2014,19,OT
Jeffery Simmons,495000,2019,19,DL
Justin Pugh,5000000,2013,19,OG
Leighton Vander Esch,1018535,2018,19,OLB
O.J. Howard,1473602,2017,19,TE
Prince Amukamara,8500000,2011,19,CB
Shaq Lawson,1851679,2016,19,DE
Adrian Clayborn,930000,2011,20,DL
Aqib Talib,8000000,2008,20,DB
Brandin Cooks,1000000,2014,20,WR
Darron Lee,1843861,2016,20,OLB
Frank Ragnow,1015461,2018,20,C
Garett Bolles,1467900,2017,20,OT
Kareem Jackson,3000000,2010,20,DB
Kyle Long,2500000,2013,20,OT
Nelson Agholor,9387000,2015,20,WR
Noah Fant,495000,2019,20,TE
Alex Mack,8500000,2009,21,C
Billy Price,1012386,2018,21,C
Cedric Ogbuehi,805000,2015,21,OT
Chandler Jones,16500000,2012,21,DE
Darnell Savage,3120000,2019,21,S
Ha Ha Clinton-Dix,2000000,2014,21,FS
Jarrad Davis,1462198,2017,21,ILB
Tyler Eifert,1000000,2013,21,TE
Will Fuller,1836043,2016,21,WR
Andre Dillard,495000,2019,22,OL
Anthony Castonzo,6250000,2011,22,LT
Bud Dupree,9232000,2015,22,DE
Charles Harris,1450794,2017,22,DE
Demaryius Thomas,1200000,2010,22,WR
Desmond Trufant,9500000,2013,22,CB
Josh Doctson,1820405,2016,22,WR
Rashaan Evans,1006236,2018,22,ILB
Bryan Bulaga,5800000,2010,23,T
Dee Ford,4750000,2014,23,DE
Evan Engram,1439391,2017,23,TE
Isaiah Wynn,1000087,2018,23,OT
Laquon Treadwell,1804770,2016,23,WR
Riley Reiff,9400000,2012,23,OT
Tytus Howard,495000,2019,23,nan
Aaron Rodgers,1100000,2005,24,QB
Cameron Jordan,8000000,2011,24,DE
D.J. Humphries,9625000,2015,24,OT
D.J. Moore,987787,2018,24,WR
Darqueze Dennard,1500000,2014,24,CB
David DeCastro,7070000,2012,24,G
Gareon Conley,1416584,2017,24,CB
Johnathan Joseph,2900000,2006,24,DB
Josh Jacobs,495000,2019,24,RB
William Jackson,1773497,2016,24,CB
Artie Burns,1757861,2016,25,CB
Dont'a Hightower,7000000,2012,25,ILB
Hayden Hurst,981638,2018,25,TE
Jabrill Peppers,1405181,2017,25,SS
James Carpenter,2000000,2011,25,LG
Jason Verrett,1100000,2014,25,CB
Marquise Brown,495000,2019,25,WR
Shaq Thompson,9232000,2015,25,OLB
Xavier Rhodes,10400000,2013,25,CB
Breshad Perriman,2000000,2015,26,WR
Calvin Ridley,975487,2018,26,WR
Clay Matthews,3000000,2009,26,LB
Duane Brown,8000000,2008,26,T
Montez Sweat,495000,2019,26,EDGE
Takkarist McKinley,1393775,2017,26,OLB
Whitney Mercilus,5750000,2012,26,DE
Byron Jones,6266000,2015,27,CB
DeAndre Hopkins,12500000,2013,27,WR
Deone Bucannon,1050000,2014,27,SS
Devin McCourty,9000000,2010,27,DB
Jimmy Smith,9500000,2011,27,CB
Johnathan Abram,495000,2019,27,S
Kenny Clark,1726588,2016,27,DT
Kevin Zeitler,10000000,2012,27,G
Rashaad Penny,969338,2018,27,RB
Tre'Davious White,1382374,2017,27,CB
Jerry Tillery,495000,2019,28,DL
Joe Staley,8050000,2007,28,T
Laken Tomlinson,2000000,2015,28,OG
Marcedes Lewis,1050000,2006,28,TE
Mark Ingram,2000000,2011,28,RB
Taco Charlton,1376672,2017,28,DE
Terrell Edmunds,966263,2018,28,S
Cordarrelle Patterson,3000000,2013,29,WR
David Njoku,1330918,2017,29,TE
Harrison Smith,8350000,2012,29,FS
L.J. Collier,495000,2019,29,DL
Phillip Dorsett,1500000,2015,29,WR
Robert Nkemdiche,1122808,2016,29,DT
Taven Bryan,941589,2018,29,DT
Alec Ogletree,4000000,2013,30,OLB
Damarious Randall,9069000,2015,30,FS
Deandre Baker,495000,2019,30,CB
Jimmie Ward,2000000,2014,30,SS
Mike Hughes,928522,2018,30,CB
T.J. Watt,1306688,2017,30,OLB
Vernon Butler,1144980,2016,30,DT
Bradley Roby,5000000,2014,31,CB
Cameron Heyward,8750000,2011,31,DE
Germain Ifedi,1577060,2016,31,OT
Greg Olsen,1900000,2007,31,TE
Jerry Hughes,6800000,2010,31,DE
Kaleb McGary,495000,2019,31,OL
Sony Michel,917577,2018,31,RB
Stephone Anthony,805000,2015,31,ILB
Travis Frederick,6000000,2013,31,C
Ben Watson,3000000,2004,32,TE
Drew Brees,1400000,2001,32,QB
Emmanuel Ogbah,1351315,2016,32,DE
Lamar Jackson,910529,2018,32,QB
Malcom Brown,1000000,2015,32,DT
N'Keal Harry,495000,2019,32,WR
Patrick Robinson,4000000,2010,32,DB
Ryan Ramczyk,1273323,2017,32,OT
Teddy Bridgewater,1250000,2014,32,QB
Austin Corbett,821745,2018,33,C
Byron Murphy,495000,2019,33,CB
Johnathan Cyprien,805000,2013,33,SS
Kevin King,1108717,2017,33,CB
Landon Collins,1000000,2015,33,SS
Rodger Saffold,3500000,2010,33,T
Xavier Su'a-Filo,805000,2014,33,OG
Cam Robinson,1103015,2017,34,OT
DeMarcus Lawrence,1500000,2014,34,DE
Donovan Smith,7000000,2015,34,OT
Jaylon Smith,1335678,2016,34,OLB
Patrick Chung,1900000,2009,34,DB
Rock Ya-Sin,495000,2019,34,CB
Will Hernandez,818670,2018,34,OG
Andy Dalton,16000000,2011,35,QB
Hunter Henry,1170042,2016,35,TE
Jawaan Taylor,495000,2019,35,OL
Joel Bitonio,6500000,2014,35,OT
Mario Edwards,935000,2015,35,DE
Nick Chubb,815595,2018,35,RB
Zach Ertz,8000000,2013,35,TE
Budda Baker,1085910,2017,36,FS
Darius Leonard,809446,2018,36,LB
Darius Slay,12550000,2013,36,CB
Deebo Samuel,495000,2019,36,WR
Derek Carr,19900000,2014,36,QB
Derek Wolfe,8000000,2012,36,DT
Myles Jack,1313787,2016,36,OLB
T.J. Yeldon,1000000,2015,36,RB
Braden Smith,806986,2018,37,OG
Chris Jones,1199714,2016,37,DT
Devin Smith,645000,2015,37,WR
Eric Weddle,4250524,2007,37,DB
Giovani Bernard,3400000,2013,37,RB
Greg Little,495000,2019,37,OL
Jabaal Sheard,7500000,2011,37,DL
Mitchell Schwartz,6000000,2012,37,T
Zay Jones,1081348,2017,37,WR
Cody Ford,495000,2019,38,OL
Forrest Lamp,1071084,2017,38,OG
Preston Smith,850000,2015,38,DE
Ronald Jones,801450,2018,38,RB
Xavien Howard,1285642,2016,38,CB
Eddie Goldman,2250000,2015,39,DT
James Daniels,795916,2018,39,C
Janoris Jenkins,10150000,2012,39,CB
Marcus Maye,1060822,2017,39,FS
Marqise Lee,7250000,2014,39,WR
Noah Spence,1273132,2016,39,DE
Sean Murphy-Bunting,495000,2019,39,CB
Courtland Sutton,790996,2018,40,WR
Curtis Samuel,1051698,2017,40,WR
Kyle Van Noy,4250000,2014,40,OLB
Sterling Shepard,1260623,2016,40,WR
Tank Carradine,805000,2013,40,DE
Trayvon Mullen,495000,2019,40,CB
Cordy Glenn,7250000,2012,41,T
Dalton Risner,495000,2019,41,OL
Dalvin Cook,1042576,2017,41,RB
Devin Funchess,3000000,2015,41,WR
Harold Landry,786077,2018,41,OLB
Lamarcus Joyner,4700000,2014,41,CB
Reggie Ragland,1196551,2016,41,ILB
Robert Woods,6000000,2013,41,WR
Brooks Reed,1125000,2011,42,DL
Drew Lock,495000,2019,42,QB
Jordan Matthews,1000000,2014,42,WR
Kamalei Correa,1234043,2016,42,OLB
Marcus Williams,1032313,2017,42,FS
Mike Gesicki,780542,2018,42,TE
Austin Johnson,1222122,2016,43,DT
Benardrick McKinney,6000000,2015,43,ILB
Jahlani Tavai,495000,2019,43,LB
Kerryon Johnson,775622,2018,43,RB
Kyle Rudolph,7275000,2011,43,TE
Sidney Jones,1023190,2017,43,CB
Weston Richburg,5500000,2014,43,C
Dante Pettis,770934,2018,44,WR
Elgton Jenkins,495000,2019,44,OL
Gerald Everett,1014497,2017,44,TE
Jihad Ward,720000,2016,44,DE
Kawann Short,12500000,2013,44,DT
Adam Shaheen,1002322,2017,45,TE
Alshon Jeffery,11750000,2012,45,WR
Derrick Henry,1187445,2016,45,RB
Eric Kendricks,4150000,2015,45,ILB
Joejuan Williams,495000,2019,45,CB
Josh Jackson,764368,2018,45,CB
Kevin Minter,805000,2013,45,ILB
Paul Richardson,5000000,2014,45,WR
A'Shawn Robinson,1163678,2016,46,DT
Greedy Williams,495000,2019,46,CB
Jaquiski Tartt,3000000,2015,46,SS
Kiko Alonso,6485000,2013,46,ILB
Linval Joseph,8900000,2010,46,DT
Mychal Kendricks,2000000,2012,46,ILB
Quincy Wilson,989207,2017,46,CB
Stephon Tuitt,6000000,2014,46,DT
Bobby Wagner,10500000,2012,47,ILB
Christian Kirk,747948,2018,47,WR
Eric Rowe,1375000,2015,47,CB
Lance Kendricks,930000,2011,47,TE
Marquise Blair,495000,2019,47,S
Michael Thomas,1148041,2016,47,WR
Trent Murphy,5800000,2014,47,DE
Tyus Bowser,971874,2017,47,OLB
Denzel Perryman,850000,2015,48,ILB
Erik McCoy,495000,2019,48,OL
Joe Mixon,960470,2017,48,RB
Le'Veon Bell,2000000,2013,48,RB
Stefen Wisniewski,1250000,2011,48,LG
Tavon Wilson,1000000,2012,48,FS
Timmy Jernigan,1000000,2014,48,DT
Uchenna Nwosu,741799,2018,48,OLB
Ben Banogu,1482500,2019,49,EDGE
Dallas Goedert,735649,2018,49,TE
DeSean Jackson,1030000,2008,49,WR
Jarran Reed,1116769,2016,49,DT
Johnathan Hankins,1000000,2013,49,DT
Mitch Morse,4400000,2015,49,OT
Ryan Anderson,949066,2017,49,OLB
Calais Campbell,12000000,2008,50,DE
Connor Williams,729500,2018,50,OT
Irv Smith Jr.,1447500,2019,50,TE
Jeremiah Attaochu,805000,2014,50,OLB
Jonathan Bostic,1800000,2013,50,LB
Nick Martin,1101133,2016,50,C
Ronald Darby,1000000,2015,50,CB
A.J. Brown,495000,2019,51,WR
Anthony Miller,723350,2018,51,WR
DeMarcus Walker,926260,2017,51,DE
Nate Orchard,805000,2015,51,OLB
Deion Jones,1069860,2016,52,OLB
Drew Sample,495000,2019,52,TE
Jamie Collins,900000,2013,52,OLB
Jordan Phillips,2250000,2015,52,DT
Kemoko Turay,717200,2018,52,OLB
Zach Brown,1000000,2012,52,OLB
Davante Adams,2750000,2014,53,WR
LeSean McCoy,6175000,2009,53,RB
M.J. Stewart,711051,2018,53,CB
Margus Hunt,1000000,2013,53,DE
Miles Sanders,495000,2019,53,RB
Ameer Abdullah,720000,2015,54,RB
Carlos Dunlap,3100000,2010,54,DE
Jamar Taylor,805000,2013,54,CB
Jessie Bates,704901,2018,54,FS
Lonnie Johnson,495000,2019,54,CB
Mackensie Alexander,1038587,2016,54,CB
Raekwon McMillan,892049,2017,54,ILB
Andrew Whitworth,10250000,2006,55,T
Dalvin Tomlinson,880646,2017,55,DT
Donte Jackson,698751,2018,55,CB
Max Scharping,495000,2019,55,OT
Maxx Williams,805000,2015,55,TE
Rodney Hudson,8250000,2011,55,OL
Sean Lee,2000000,2010,55,LB
Tyler Boyd,980769,2016,55,WR
Vance McDonald,4200000,2013,55,TE
Cody Latimer,925000,2014,56,WR
Cody Whitehair,1026077,2016,56,OG
Duke Dawson,695676,2018,56,CB
Mecole Hardman,495000,2019,56,WR
Carlos Hyde,1400000,2014,57,RB
D.J. Swearinger,4250000,2013,57,FS
JJ Arcega-Whiteside,495000,2019,57,WR
P.J. Hall,693830,2018,57,DT
Rob Havenstein,2500000,2015,57,OT
T.J. Green,720000,2016,57,FS
Zach Cunningham,871522,2017,57,OLB
Ethan Pocic,865821,2017,58,C
Isaiah Oliver,690757,2018,58,CB
Lavonte David,9750000,2012,58,OLB
Markus Golden,975000,2015,58,OLB
Sean Davis,1007314,2016,58,FS
Trysten Hill,495000,2019,58,DL
Derrius Guice,686452,2018,59,RB
Parris Campbell,495000,2019,59,WR
Ryan Kalil,2400000,2007,59,C
Tanoh Kpassagnon,832838,2017,59,DE
Ty Sambrailo,2000000,2015,59,OT
Vinny Curry,1000000,2012,59,DE
Chidobe Awuzie,854417,2017,60,CB
Cyrus Jones,996000,2016,60,CB
Golden Tate,1975000,2010,60,WR
James Washington,684607,2018,60,WR
Kelechi Osemele,9700000,2012,60,T
Nasir Adderley,495000,2019,60,S
Ali Marpet,3125000,2015,61,C
Allen Robinson,9900000,2014,61,WR
DJ Chark,682147,2018,61,WR
Josh Jones,849856,2017,61,S
Taylor Rapp,495000,2019,61,S
Vonn Bell,991677,2016,61,SS
Andy Isabella,495000,2019,62,WR
Brian O'Neill,680302,2018,62,OT
Casey Hayward,8000000,2012,62,DB
James Bradberry,940114,2016,62,CB
Jimmy Garoppolo,17200000,2014,62,QB
JuJu Smith-Schuster,846434,2017,62,WR
Adam Gotsis,986987,2016,63,DT
Carlton Davis,679687,2018,63,CB
Dion Dawkins,845294,2017,63,OG
Frank Clark,805000,2015,63,DE
Jarvis Landry,12500000,2014,63,WR
Juan Thornhill,495000,2019,63,S
Travis Kelce,7500000,2013,63,TE
D.K. Metcalf,495000,2019,64,WR
Jordan Richards,805000,2015,64,SS
Justin Britt,4500000,2014,64,OT
Kevin Byard,2025000,2016,64,S
Randall Cobb,2000000,2011,64,WR
Taylor Moton,843014,2017,64,OT
Tyquan Lewis,678457,2018,64,DE
Brandon Parker,666152,2018,65,OT
Carl Nassib,2025000,2016,65,DE
Frank Gore,1250000,2005,65,RB
Larry Ogunjobi,820200,2017,65,DT
Larry Warford,7650000,2013,65,OG
Terrell McClain,930000,2011,65,DL
Trumaine Johnson,8000000,2012,65,CB
Zach Allen,495000,2019,65,DL
Ahkello Witherspoon,815375,2017,66,CB
Diontae Johnson,495000,2019,66,WR
Josh Robinson,805000,2012,66,CB
Lorenzo Carter,665613,2018,66,DE
Morgan Moses,4750000,2014,66,OT
A.J. Cann,805000,2015,67,OG
Alvin Kamara,807500,2017,67,RB
Billy Turner,1350000,2014,67,OT
Chad Thomas,665000,2018,67,DE
Maliek Collins,2025000,2016,67,DT
Clive Walford,720000,2015,68,TE
Dawuane Smoot,812500,2017,68,DE
Justin Reid,664979,2018,68,FS
Will Redmond,570000,2016,68,CB
B.J. Hill,664345,2018,69,DT
Cooper Kupp,811000,2017,69,WR
Jason Witten,2000000,2003,69,TE
Josh Oliver,495000,2019,69,TE
Tyler Lockett,3907000,2015,69,WR
Tyrann Mathieu,850000,2013,69,CB
Yannick Ngakoue,2025000,2016,69,OLB
Blidi Wreh-Wilson,805000,2013,70,CB
Bronson Kaufusi,645000,2016,70,DE
Bryan Anger,930000,2012,70,P
Darrell Henderson,495000,2019,70,RB
Fred Warner,663137,2018,70,OLB
Justin Houston,1000000,2011,70,LB
Pat Elflein,809500,2017,70,C
Christian Kirksey,7000000,2014,71,OLB
Dan Feeney,793000,2017,71,OG
Darian Thompson,720000,2016,71,FS
Dre'Mont Jones,495000,2019,71,DL
Hroniss Grasu,720000,2015,71,C
Morgan Burnett,1000000,2010,71,DB
Royce Freeman,661000,2018,71,RB
Brian Winters,6000000,2013,72,OG
Germaine Pratt,495000,2019,72,LB
Jamon Brown,2500000,2015,72,OT
Jonathan Bullard,820000,2016,72,DE
Nathan Shepherd,656000,2018,72,DT
Olivier Vernon,15250000,2012,72,DE
Taywan Taylor,773500,2017,72,WR
David Montgomery,495000,2019,73,RB
Jerome Baker,654000,2018,73,OLB
John Jerry,930000,2010,73,G
Jordan Willis,754750,2017,73,DE
Kenyan Drake,2025000,2016,73,RB
Mike Glennon,1000000,2013,73,QB
Preston Brown,900000,2014,73,ILB
Tevin Coleman,1550000,2015,73,RB
Chris Wormley,736000,2017,74,DT
Devin Singletary,495000,2019,74,RB
Geron Christian,647000,2018,74,OT
Derrick Nnadi,601500,2018,75,DT
Duke Riley,726500,2017,75,OLB
Jace Sternberger,495000,2019,75,TE
Russell Wilson,5000000,2012,75,QB
Shilique Calhoun,720000,2016,75,DE
Terron Armstead,10700000,2013,75,OT
Alex Anzalone,717000,2017,76,OLB
Brandon Brooks,8000000,2012,76,G
Chris Conley,805000,2015,76,WR
Keenan Allen,10000000,2013,76,WR
Mason Rudolph,658267,2018,76,QB
Terry McLaurin,495000,2019,76,WR
Chase Winovich,495000,2019,77,EDGE
Daeshon Hall,645000,2017,77,DE
Daryl Worley,3095000,2016,77,CB
Demario Davis,5950000,2012,77,OLB
Duke Johnson,1800000,2015,77,RB
Jurrell Casey,10550000,2011,77,DL
Sam Hubbard,640000,2018,77,DE
Joe Thuney,1995000,2016,78,OG
Malik Jefferson,635000,2018,78,OLB
Marquise Goodwin,2950000,2013,78,WR
Michael Deiter,495000,2019,78,OL
P.J. Williams,850000,2015,78,CB
Spencer Long,1350000,2014,78,OG
Tim Williams,690000,2017,78,OLB
David Long,495000,2019,79,CB
Isaac Seumalo,749000,2016,79,OG
Rasheem Green,639000,2018,79,DT
Terrence Brooks,805000,2014,79,FS
Martinas Rankin,634000,2018,80,OT
Sione Takitaki,495000,2019,80,LB
Tarell Basham,687500,2017,80,DE
Austin Hooper,2025000,2016,81,TE
Damontre Moore,805000,2013,81,DE
Fabian Moreau,684000,2017,81,CB
Gabe Jackson,6750000,2014,81,OG
John Miller,900000,2015,81,OG
Josh McCown,2000000,2002,81,QB
Michael Gallup,629000,2018,81,WR
Richie Incognito,1030000,2005,81,G
Tyrone Crawford,7000000,2012,81,DE
Will Harris,495000,2019,81,S
Emmanuel Sanders,10250000,2010,82,WR
John Jenkins,805000,2013,82,DT
Nate Davis,495000,2019,82,OL
Tracy Walker,628000,2018,82,S
Corey Peters,3250000,2010,83,DT
Jordan Jenkins,2025000,2016,83,OLB
Justin Layne,495000,2019,83,CB
Logan Ryan,9500000,2013,83,CB
Mohamed Sanu,6000000,2012,83,WR
Orlando Brown,627000,2018,83,OT
Chris Godwin,677000,2017,84,WR
Jordan Hicks,2000000,2015,84,OLB
Justin Jones,621481,2018,84,DT
Kareem Martin,3250000,2014,84,DE
Kendall Fuller,2025000,2016,84,CB
Khalen Saunders,495000,2019,84,DT
Shawn Williams,3500000,2013,84,SS
Brandon Mebane,1050000,2007,85,DT
Colt McCoy,3000000,2010,85,QB
Jaylon Ferguson,495000,2019,85,DE
Rashaan Gaulden,595250,2018,85,CB
Tyler Kroft,1800000,2015,85,TE
Allen Bailey,2750000,2011,86,DL
David Johnson,5700000,2015,86,RB
Kareem Hunt,645000,2017,86,RB
Mark Andrews,624500,2018,86,TE
Marshal Yanda,7000000,2007,86,G
Arden Key,624250,2018,87,DE
Damien Harris,495000,2019,87,RB
Nick Vigil,2000000,2016,87,ILB
Phillip Gaines,805000,2014,87,CB
Andre Roberts,2000000,2010,88,WR
Cody Barton,495000,2019,88,LB
Danielle Hunter,9400000,2015,88,DE
Eddie Vanderdoes,679000,2017,88,DT
Kyler Fackrell,2010000,2016,88,OLB
Nick Foles,5000000,2012,88,QB
Oren Burks,606500,2018,88,ILB
Akiem Hicks,8000000,2012,89,DE
Bobby Okereke,495000,2019,89,LB
Jared Cook,2000000,2009,89,TE
Javon Hargrave,2025000,2016,89,DT
Joseph Noteboom,626626,2018,89,OT
Sean Mannion,805000,2015,89,QB
C.J. Prosise,745000,2016,90,RB
Carl Davis,1500000,2015,90,DT
Deadrin Senat,622000,2018,90,DT
Donte Moncrief,1500000,2014,90,WR
Kayvon Webster,805000,2013,90,CB
Matt Schaub,1030000,2004,90,QB
Shaquill Griffin,680000,2017,90,DB
Duron Harmon,2500000,2013,91,FS
Jacoby Brissett,2000000,2016,91,QB
John Brown,3800000,2014,91,WR
John Johnson,677000,2017,91,S
Tre'Quan Smith,616500,2018,91,WR
Trey Pipkins,495000,2019,91,OT
Chukwuma Okorafor,620000,2018,92,OT
Chuma Edoga,495000,2019,92,OL
Jeff Heuerman,2000000,2015,92,TE
Jourdan Lewis,675000,2017,92,CB
T.Y. Hilton,13000000,2012,92,WR
Trai Turner,5297000,2014,92,OG
Brandon Linder,5500000,2014,93,OG
Henry Anderson,2000000,2015,93,DE
Miles Boykin,495000,2019,93,WR
Montravius Adams,671000,2017,93,DT
Ronnie Harrison,617500,2018,93,SS
Alex Cappa,615000,2018,94,OT
Brandon Williams,9250000,2013,94,DT
Cameron Sutton,677400,2017,94,CB
Jamel Dean,495000,2019,94,CB
Nick Vannett,736000,2016,94,TE
Ty Montgomery,805000,2015,94,RB-WR
Delano Hill,678000,2017,95,FS
Graham Glasgow,2025000,2016,95,OG
Jimmy Graham,3450000,2010,95,TE
Michael Schofield,2000000,2014,95,OT
Oshane Ximines,495000,2019,95,EDGE
Tarvarius Moore,603000,2018,95,S
Tony Bergstrom,805000,2012,95,OT
Dawson Knox,495000,2019,96,TE
Harrison Phillips,570000,2018,96,DT
Kenny Golladay,676000,2017,96,WR
Bobby Evans,495000,2019,97,OL
Mason Cole,570000,2018,97,C
Chad Williams,671500,2017,98,WR
Jordan Akins,600000,2018,98,TE
Justin Simmons,2025000,2016,98,FS
Matt Barkley,1250000,2013,98,QB
Quincy Williams,495000,2019,98,nan
Richard Rodgers,805000,2014,98,TE
Steven Nelson,1500000,2015,98,CB
Ben Jones,4500000,2012,99,C
Dustin Colquitt,2450000,2005,99,P
Isaac Yiadom,570000,2018,99,CB
Joe Schobert,2025000,2016,99,OLB
K.J. Wright,1500000,2011,99,LB
Mike Edwards,495000,2019,99,S
Rasul Douglas,670000,2017,99,CB
Akeem Spence,2900000,2013,100,DT
Angelo Blackson,2000000,2015,100,DT
Dorian O'Daniel,584000,2018,100,OLB
Everson Griffen,6400000,2010,100,DE
Jonnu Smith,669000,2017,100,TE
Travis Benjamin,5250000,2012,100,WR
Will Grier,495000,2019,100,QB
Ian Thomas,570000,2018,101,TE
Jaylen Watkins,805000,2014,101,CB
Trey Flowers,805000,2015,101,DE
Alexander Mattison,495000,2019,102,RB
Bashaud Breeland,805000,2014,102,CB
Daryl Williams,2250000,2015,102,OT
Jalyn Holmes,570000,2018,102,DE
Kirk Cousins,27500000,2012,102,QB
Alex Okafor,805000,2013,103,DE
Devonta Freeman,3750000,2014,103,RB
Keke Coutee,570000,2018,103,WR
Sam Acho,930000,2011,103,OLB
Sheldon Day,720000,2016,103,DT
Trey Hendrickson,668000,2017,103,DE
Luke Stocker,1400000,2011,104,TE
Nyheim Hines,570000,2018,104,RB
Ryan Finley,495000,2019,104,QB
Antonio Callaway,570000,2018,105,WR
Chauncey Gardner-Johnson,495000,2019,105,S
James Conner,668000,2017,105,RB
Jamison Crowder,1500000,2015,105,WR
Nigel Bradham,930000,2012,105,OLB
Parker Ehinger,720000,2016,105,OG
Eric Murray,2015500,2016,106,CB
Josey Jewell,570000,2018,106,ILB
Maxx Crosby,822500,2019,106,EDGE
Anthony Nelson,495000,2019,107,DL
Chris Herndon,570000,2018,107,TE
Chris Moore,720000,2016,107,WR
Justin Ellis,2250000,2014,107,DT
Justin Hardy,805000,2015,107,WR
Cassius Marsh,850000,2014,108,DE
Julian Love,495000,2019,108,CB
Ryan Smith,2025000,2016,108,CB
Vince Biegel,645000,2017,108,OLB
B.J. Goodson,720000,2016,109,OLB
Clayton Geathers,1250000,2015,109,SS
David Bakhtiari,8500000,2013,109,OT
Jaleel Johnson,645000,2017,109,DT
Khari Willis,495000,2019,109,S
Ross Cockrell,2300000,2014,109,CB
Troy Apke,570000,2018,109,S
Dede Westbrook,645000,2017,110,WR
Maurice Alexander,850000,2014,110,SS
Mitch Wishnowsky,495000,2019,110,P
Nick Nelson,570000,2018,110,CB
Tyler Higbee,2025000,2016,110,TE
Brian Allen,570000,2018,111,C
Kendall Sheffield,495000,2019,111,CB
Miles Killebrew,720000,2016,111,SS
Tedric Thompson,645000,2017,111,SS
Bobby Massie,2400000,2012,112,T
DaQuan Jones,6000000,2014,112,DT
Eddie Jackson,645000,2017,112,SS
Mark Walton,495000,2018,112,RB
DaeSean Hamilton,570000,2018,113,WR
Justice Hill,812500,2019,113,RB
Kyle Wilber,1150000,2012,113,OLB
Nick Kwiatkoski,2025000,2016,113,ILB
Rayshawn Jenkins,645000,2017,113,FS
Aaron Colvin,7500000,2014,114,CB
B.W. Webb,1000000,2013,114,CB
Da'Shawn Hand,570000,2018,114,DE
Dru Samia,812500,2019,114,OL
Jamil Douglas,570000,2015,114,OG
Samaje Perine,645000,2017,114,RB
Christian Miller,495000,2019,115,EDGE
De'Vondre Campbell,2025000,2016,115,OLB
Ibraheim Campbell,720000,2015,115,SS
Joel Iyiegbuniwe,570000,2018,115,LB
Amani Hooker,495000,2019,116,S
Carl Lawson,645000,2017,116,DE
Dorance Armstrong,570000,2018,116,DE
Earl Watford,805000,2013,116,OG
Hassan Ridgeway,720000,2016,116,DT
Rodney Gunter,1000000,2015,116,DT
Zak DeOssie,1030000,2007,116,LB
Austin Bryant,495000,2019,117,EDGE
Blake Bell,805000,2015,117,TE
Joe Looney,1000000,2012,117,G
Jordan Whitehead,570000,2018,117,SS
Josh Reynolds,645000,2017,117,WR
Pharoh Cooper,720000,2016,117,WR
Anthony Averett,570000,2018,118,CB
Jarius Wright,1500000,2012,118,WR
Juston Burris,645000,2016,118,CB
Mack Hollins,645000,2017,118,WR
Ramik Wilson,805000,2015,118,ILB
Stephen Gostkowski,1100000,2006,118,K
Andrew Donnal,805000,2015,119,OT
Anthony Hitchens,6500000,2014,119,OLB
Kyzir White,570000,2018,119,S
Sheldrick Redwine,800000,2019,119,S
Tarik Cohen,645000,2017,119,RB
Tyler Ervin,720000,2016,119,RB
Ben Gedeon,645000,2017,120,ILB
David Onyemata,2025000,2016,120,DT
Gary Jennings,495000,2019,120,WR
Geno Atkins,8000000,2010,120,DT
Logan Thomas,805000,2014,120,QB/TE
Will Dissly,570000,2018,120,TE
Taron Johnson,570000,2018,121,CB
Trevon Wesco,495000,2019,121,TE
Andrew Billings,720000,2016,122,DT
Benny Snell,495000,2019,122,nan
J.C. Tretter,5500000,2013,122,OG
Kenny Young,570000,2018,122,LB
Za'Darius Smith,1000000,2015,122,DE
Al Woods,1250000,2010,123,DT
Ben Powers,802500,2019,123,OL
Durham Smythe,570000,2018,123,TE
Jerald Hawkins,720000,2016,123,OT
Montae Nicholson,645000,2017,123,SS
Armani Watts,570000,2018,124,FS
De'Anthony Thomas,805000,2014,124,RB
Deon Bush,720000,2016,124,FS
Jalen Reeves-Maybin,645000,2017,124,OLB
Kwon Alexander,1750000,2015,124,OLB
Avonte Maddox,570000,2018,125,CB
Javorius Allen,805000,2015,125,RB
Renell Wren,495000,2019,125,DL
Samson Ebukam,645000,2017,125,OLB
Taiwan Jones,930000,2011,125,RB
Walt Aikens,1400000,2014,125,CB
Bilal Powell,930000,2011,126,RB
Demarcus Robinson,2015500,2016,126,WR
Ito Smith,570000,2018,126,RB
Mike Davis,1000000,2015,126,RB
Riley Ridley,495000,2019,126,WR
William Gholston,3750000,2013,126,DE
Damien Wilson,720000,2015,127,ILB
Pierre Desir,1000000,2014,127,CB
Evan Boehm,3095000,2016,128,C
Jon Feliciano,2400000,2015,128,OG
Josh Malone,645000,2017,128,WR
Kentavius Street,495000,2018,128,DT
Rhett Ellison,4475000,2012,128,FB
Tony Pollard,495000,2019,128,RB
Tre Boston,1125000,2014,128,FS
David Sharpe,645000,2017,129,OT
Dontae Johnson,805000,2014,129,FS
Isaiah Johnson,792500,2019,129,CB
Jake Ryan,1000000,2015,129,OLB
John Simon,900000,2013,129,DE
Will Richardson,570000,2018,129,OT
Alex Lewis,2025000,2016,130,OT
Darren Sproles,1030000,2005,130,RB
Drue Tranquill,495000,2019,130,LB
James White,2500000,2014,130,RB
Josh Sweat,570000,2018,130,DE
Julie'n Davenport,645000,2017,130,OT
Kyle Juszczyk,4200000,2013,130,FB
Blake Martinez,2025000,2016,131,ILB
Deatrich Wise,645000,2017,131,DE
Kalen Ballage,570000,2018,131,RB
Shaq Mason,4000000,2015,131,G
Wes Martin,495000,2019,131,G
Jaleel Scott,495000,2018,132,WR
Kevin Pierre-Louis,805000,2014,132,OLB
Mike Daniels,7800000,2012,132,DT
Ugochukwu Amadi,495000,2019,132,S
Jarrett Stidham,495000,2019,133,QB
Levine Toilolo,805000,2013,133,TE
Max Garcia,1100000,2015,133,C
Nevin Lawson,1000000,2014,133,CB
Ryan Switzer,645000,2017,133,WR
Brent Urban,850000,2014,134,DE
Chase Edmonds,570000,2018,134,RB
Greg Gaines,495000,2019,134,DL
Jamaal Williams,645000,2017,134,RB
Mark Glowinski,1500000,2015,134,OG
Dak Prescott,2025000,2016,135,QB
John Cominsky,495000,2019,135,DE
Anthony Sherman,930000,2011,136,RB
Devontae Booker,720000,2016,136,RB
Marquis Haynes,570000,2018,136,OLB
Michael Jordan,495000,2019,136,OL
Sean Harlow,570000,2017,136,OG
Buster Skrine,2250000,2011,137,DB
Dakota Dozier,805000,2014,137,OT
Dalton Schultz,570000,2018,137,TE
Dean Lowry,2025000,2016,137,DE
Foster Moreau,910000,2019,137,TE
Grady Jarrett,15209000,2015,137,DT
Malik Jackson,1000000,2012,137,DT
Zach Banner,645000,2017,137,OG
Marcus Cannon,5500000,2011,138,OL
Ryan Glasgow,645000,2017,138,DT
Seth Devalve,720000,2016,138,TE
Shareef Miller,495000,2019,138,EDGE
Tahir Whitehead,2950000,2012,138,OLB
Deionte Thompson,495000,2019,139,S
R.J. McIntosh,570000,2018,139,DT
Brandon Carr,4500000,2008,140,DB
Cameron Fleming,1000000,2014,140,OT
Maurice Hurst,570000,2018,140,DT
Najee Goode,805000,2012,140,ILB
Ryquell Armstead,495000,2019,140,RB
Tajae Sharpe,2025000,2016,140,WR
Wayne Gallman,645000,2017,140,RB
Oday Aboushi,1000000,2013,141,OT
Shaquem Griffin,570000,2018,141,OLB
Zach Gentry,715000,2019,141,TE
Adrian Amos,1250000,2015,142,FS
Ben Burr-Kirven,495000,2019,142,LB
Carlos Watkins,645000,2017,142,DT
D.J. Reed,570000,2018,142,CB
Kevin Huber,2350000,2009,142,P
Ronald Blair,720000,2016,142,DE
Ryan Grant,805000,2014,142,WR
DeAndre Washington,720000,2016,143,RB
Ja'Whaun Bentley,570000,2018,143,ILB
Josh Norman,11000000,2012,143,CB
Marlon Mack,645000,2017,143,RB
MyCole Pruitt,720000,2015,143,TE
Orlando Scandrick,1030000,2008,143,DB
Ryan Connelly,495000,2019,143,LB
Connor McGovern,2025000,2016,144,OG
Grover Stewart,645000,2017,144,DT
Justin Watson,570000,2018,144,WR
Kenny Stills,7975000,2013,144,WR
Marvell Tell,495000,2019,144,S
Sherrick McManis,1500000,2010,144,DB
Bilal Nichols,570000,2018,145,DT
Bobby McCain,5600000,2015,145,CB
Matt Gay,495000,2019,145,K
Amani Oruwariye,495000,2019,146,CB
George Kittle,645000,2017,146,TE
Matt Judon,2025000,2016,146,DE
Stefon Diggs,8900000,2015,146,WR
Tre Flowers,570000,2018,146,SS
Brett Hundley,1125000,2015,147,QB
Quinton Jefferson,2025000,2016,147,DT
Ricardo Allen,3500000,2014,147,CB
A.J. Klein,4100000,2013,148,ILB
Caleb Benenoch,2025000,2016,148,OT
Dre Greenlaw,710000,2019,148,LB
Marcus Allen,570000,2018,148,S
Damontae Kazee,645000,2017,149,CB
Dion Lewis,4000000,2011,149,RB
Hunter Renfrow,707500,2019,149,WR
Michael Dickson,570000,2018,149,P
Paul Perkins,720000,2016,149,RB
Aaron Lynch,1000000,2014,150,DE
Genard Avery,570000,2018,150,LB
Jordan Howard,2025000,2016,150,RB
Kingsley Keke,495000,2019,150,DL
Andrew Van Ginkel,495000,2019,151,LB
Davontae Harris,570000,2018,151,CB
Desmond King,645000,2017,151,FS
Joe Dahl,720000,2016,151,OG
Senio Kelemete,2750000,2012,151,T
Corn Elder,645000,2017,152,CB
Dane Cruikshank,570000,2018,152,CB
Matthew Ioannidis,2025000,2016,152,DT
Qadree Ollison,495000,2019,152,RB
Dennis Kelly,1350000,2012,153,OT
Jake Elliott,645000,2017,153,K
Matthew Slater,1600000,2008,153,WR
Ross Pierschbacher,495000,2019,153,OL
Tyrell Crosby,570000,2018,153,OT
Wendell Smallwood,720000,2016,153,RB
Chris Thompson,2750000,2013,154,RB
Jeremy Sprinkle,645000,2017,154,TE
Jordan Scarlett,495000,2019,154,RB
Richard Sherman,7000000,2011,154,DB
Siran Neal,570000,2018,154,CB
Tyeler Davison,805000,2015,154,DT
Jayon Brown,645000,2017,155,ILB
Joe Haeg,2025000,2016,155,OT
Mack Wilson,495000,2019,155,LB
Scott Quessenberry,570000,2018,155,C
Brian Hill,645000,2017,156,RB
Jonathan Williams,720000,2016,156,RB
Justin Hollins,495000,2019,156,EDGE
Troy Fumagalli,495000,2018,156,TE
Blake Cashman,495000,2019,157,LB
C.J. Uzomah,1500000,2015,157,TE
LeShaun Sims,720000,2016,157,CB
Tyler Conklin,570000,2018,157,TE
Andrew Brown,495000,2018,158,DE
Brandon Shell,2025000,2016,158,OT
Caraun Reid,805000,2014,158,DT
Jack Crawford,2550000,2012,158,DE
Luke Willson,805000,2013,158,TE
Michael Jackson,495000,2019,158,CB
Nate Hairston,645000,2017,158,CB
Byron Cowart,495000,2019,159,DL
Chris Smith,2750000,2014,159,DE
JJ Nelson,805000,2015,159,WR
Jermaine Eluemunor,645000,2017,159,OG
Lee Smith,1900000,2011,159,TE
Micah Hyde,3950000,2013,159,CB
Daylon Mack,704500,2019,160,DL
Jesse James,805000,2015,160,TE
Kentrell Brothers,720000,2016,160,ILB
Ogbonnia Okoronkwo,570000,2018,160,DE
Roderick Johnson,570000,2017,160,OT
Anthony Walker,645000,2017,161,LB
Charles Omenihu,495000,2019,161,DL
Corey Linsley,4300000,2014,161,C
Jermaine Carter,570000,2018,161,LB
Randy Bullock,1475000,2012,161,K
Cameron Smith,702500,2019,162,LB
Jeremy McNichols,645000,2017,162,RB
Daniel Kilgore,2225000,2011,163,G
Jake Bailey,495000,2019,163,P
Jordan Mills,1700000,2013,163,OT
Matt Milano,645000,2017,163,OLB
Reshad Jones,13015000,2010,163,DB
Tim Settle,570000,2018,163,DT
Trevor Davis,720000,2016,163,WR
A.J. McCarron,1500000,2014,164,QB
E.J. Speed,700000,2019,164,LB
Halapoulivaati Vaitai,2025000,2016,164,OT
Natrell Jamerson,570000,2018,164,FS
Thomas Morstead,2950000,2009,164,P
Bradley Pinion,805000,2015,165,P
Jamal Agnew,645000,2017,165,CB
Jaylen Samuels,570000,2018,165,RB
Joe Jackson,495000,2019,165,EDGE
Pernell McPhee,930000,2011,165,DL
Sam Martin,2400000,2013,165,P
Tyreek Hill,1965036,2016,165,WR
D.J. Reader,2025000,2016,166,DT
Joe Cardona,805000,2015,166,LS
Marvin Jones,6500000,2012,166,WR
Wyatt Teller,570000,2018,166,OG
Avery Moss,570000,2017,167,DE
Daniel Carlson,570000,2018,167,K
Marqui Christian,720000,2016,167,SS
Jamarco Jones,495000,2018,168,OT
Marquel Lee,645000,2017,168,ILB
Ricky Wagner,9000000,2013,168,OT
David Edwards,495000,2019,169,OL
David Mayo,850000,2015,169,ILB
Jordan Wilkins,570000,2018,169,RB
Austin Seibert,495000,2019,170,K
Darius Phillips,570000,2018,170,CB
Eric Kush,1100000,2013,170,C
Darius Slayton,495000,2019,171,WR
Greg Zuerlein,2325000,2012,171,K
Nick Boyle,1000000,2015,171,TE
D.J. Alexander,805000,2015,172,OLB
Isaiah McKenzie,645000,2017,172,WR
JK Scott,570000,2018,172,P
Jordan Miller,495000,2019,172,CB
Rashard Higgins,2025000,2016,172,WR
Alfred Morris,930000,2012,173,RB
Cole Holcomb,495000,2019,173,LB
James O'Shaughnessy,805000,2015,173,TE
Charles Clay,1150000,2011,174,TE
Devon Kennard,3500000,2014,174,OLB
Eric Saubert,645000,2017,174,TE
KeeSean Johnson,495000,2019,174,WR
Marquez Valdes-Scantling,570000,2018,174,WR
Damion Ratley,570000,2018,175,WR
Delanie Walker,4080000,2006,175,TE
Jatavis Brown,2025000,2016,175,OLB
Andy Janovich,720000,2016,176,FB
David Quessenberry,495000,2013,176,OT
Dwayne Harris,930000,2011,176,WR
John Kelly,570000,2018,176,RB
Kaden Smith,679750,2019,176,TE
Dustin Hopkins,2275000,2013,177,K
Justin Bethel,1500000,2012,177,CB
Saquan Hampton,495000,2019,177,S
D.J. White,645000,2016,178,CB
Davon Godchaux,645000,2017,178,DT
Gardner Minshew,495000,2019,178,QB
Jon Halapio,645000,2014,179,OG
Parry Nickerson,570000,2018,179,CB
Sam Young,1030000,2010,179,T
T.J. Logan,645000,2017,179,RB
Corey Ballentine,495000,2019,180,CB
Danny Isidora,645000,2017,180,OG
Folorunso Fatukasi,570000,2018,180,DT
Tyrod Taylor,1000000,2011,180,QB
Jaquan Johnson,495000,2019,181,CB
Kylie Fitts,570000,2018,181,DE
Latavius Murray,1000000,2013,181,RB
Aaron Jones,645000,2017,182,RB
Antone Exum,805000,2014,182,CB
Kenjon Barner,805000,2013,182,RB
Trayveon Williams,495000,2019,182,RB
David Fales,805000,2014,183,QB
Devante Bond,645000,2016,183,OLB
Justin Skule,672500,2019,183,OT
Jerell Adams,645000,2016,184,TE
Marcell Harris,570000,2018,184,S
Nathan Gerry,645000,2017,184,SS
Travis Fulgham,495000,2019,184,WR
Caleb Brantley,645000,2017,185,DT
DeAndre Houston-Carson,720000,2016,185,FS
Deon Cain,495000,2018,185,WR
Ka'dar Hollman,672500,2019,185,CB
Chuck Clark,645000,2017,186,FS
Geremy Davis,805000,2015,186,WR
Jacob Martin,570000,2018,186,LB
Jakeem Grant,720000,2016,186,WR
Ty Johnson,495000,2019,186,RB
Bennett Jackson,495000,2014,187,CB
Juwann Winfree,495000,2019,187,WR
Ray-Ray McCloud,570000,2018,187,WR
Andy Lee,2000000,2004,188,P
Danny Trevathan,5800000,2012,188,OLB
David Long,495000,2019,188,LB
Simeon Thomas,495000,2018,188,CB
Anthony Brown,2025000,2016,189,CB
Drew Forbes,495000,2019,189,OT
T.J. Jones,805000,2014,189,WR
Tanzel Smart,645000,2017,189,DT
Armon Watts,670000,2019,190,DL
Colin Jones,930000,2011,190,DB
DeShon Elliott,570000,2018,190,SS
Rex Burkhead,1750000,2013,190,RB
Sam Tevi,645000,2017,190,OT
Jason Kelce,930000,2011,191,C
Marcus Epps,670000,2019,191,S
Pat O'Donnell,1250000,2014,191,P
Xavier Woods,645000,2017,191,SS
Alex Armah,645000,2017,192,FB
Isaiah Buggs,495000,2019,192,DL
Jamil Demby,570000,2018,192,OT
Matthew Bosher,2545000,2011,192,P
Chris Covington,570000,2018,193,LB
Jordan Evans,645000,2017,193,ILB
Mason Crosby,3200000,2007,193,K
Tom Compton,1410000,2012,193,T
Zach Fulton,6500000,2014,193,OG
Dexter Williams,670000,2019,194,RB
Nick O'Leary,1000000,2015,194,TE
Russell Gage,570000,2018,194,WR
Spencer Ware,805000,2013,194,RB
Vincent Taylor,645000,2017,194,DT
Antonio Brown,14625000,2010,195,WR
Sebastian Joseph,570000,2018,195,DT
Tanner Vallejo,645000,2017,195,ILB
Wes Schweitzer,2025000,2016,195,OT
Xavier Crawford,495000,2019,195,CB
Al-Quadin Muhammad,645000,2017,196,DE
Blake Countess,2025000,2016,196,CB
Blessuan Austin,495000,2019,196,CB
Tremon Smith,570000,2018,196,nan
Danny Vitale,720000,2016,197,FB
Nate Ebner,2000000,2012,197,DB
Shaun Dion Hamilton,570000,2018,197,LB
Trace McSorley,495000,2019,197,QB
D.J. Jones,645000,2017,198,DT
Derek Watt,720000,2016,198,FB
Chase Roullier,645000,2017,199,C
Cody Core,720000,2016,199,WR
Luke Falk,570000,2018,199,QB
Tom Brady,14000000,2000,199,QB
Emeke Egbule,495000,2019,200,LB
Foyesade Oluokun,570000,2018,200,S
Laurent Duvernay-Tardif,6203000,2014,200,OT
Quandre Diggs,2657000,2015,200,CB
